Fitness,Similarity
67245.0,0.1414141414141414
61319.0,0.26262626262626265
63832.0,0.18181818181818182
63257.0,0.18181818181818182
60128.0,0.16161616161616163
65980.0,0.21212121212121213
59454.0,0.1717171717171717
64495.0,0.1919191919191919
65599.0,0.26262626262626265
64475.0,0.1111111111111111
