Min Steepest Local_inter,Max Steepest Local_inter,Avg Steepest Local_inter,Min Greedy Local_inter,Max Greedy Local_inter,Avg Greedy Local_inter,Min Steepest Local_inter_rand,Max Steepest Local_inter_rand,Avg Steepest Local_inter_rand,Min Greedy Local_inter_rand,Max Greedy Local_inter_rand,Avg Greedy Local_inter_rand,Min Steepest Local_intra,Max Steepest Local_intra,Avg Steepest Local_intra,Min Greedy Local_intra,Max Greedy Local_intra,Avg Greedy Local_intra,Min Steepest Local_intra_rand,Max Steepest Local_intra_rand,Avg Steepest Local_intra_rand,Min Greedy Local_intra_rand,Max Greedy Local_intra_rand,Avg Greedy Local_intra_rand
225.3756,545.9388,255.0384525000001,333.8126,684.0503,360.3082054999999,231.2433,485.6809,266.48100250000005,336.7356,540.0839,373.1271860000002,264.4002,437.4955,296.41349249999996,333.3994,477.3716,360.6438959999999,268.4605,856.5385,311.06502199999994,339.0647,548.0727,378.2549894999998
227.8455,579.304,258.67750249999995,331.0192,561.9324,359.84167050000013,227.5057,417.9724,261.6310455000001,330.7215,514.9301,365.78232550000024,267.1197,461.0394,297.426313,332.6328,542.9314,361.1163874999999,263.0156,640.4592,301.364627,335.9789,611.1411,371.6130915
